9	2	21	black
70	61	38	black
0	12	22	black
58	42	53	black
12	10	7	black
17	16	34	black
37	56	45	black
14	8	27	black
29	21	19	black
8	35	38	black
53	12	13	black
13	27	11	black
4	16	16	black
13	6	42	black
69	54	42	black
13	0	27	black
10	28	30	black
10	15	7	black
13	7	17	black
96	5	79	black
20	21	14	black
59	0	28	black
1	25	25	black
40	18	41	black
33	27	79	black
11	50	44	black
33	6	35	black
23	24	29	black
16	41	41	black
21	0	39	black
38	5	18	black
44	27	31	black
15	9	14	black
0	4	26	black
35	29	7	black
46	28	21	black
47	8	45	black
21	3	31	black
12	54	54	black
51	37	6	black
34	2	30	black
47	56	20	black
18	33	5	black
66	48	59	black
36	46	51	black
30	4	10	black
2	15	30	black
47	46	12	black
33	33	32	black
64	47	51	black
48	77	55	black
27	33	26	black
34	29	30	black
44	27	27	black
60	55	38	black
25	77	54	black
78	100	15	black
0	8	46	black
37	33	1	black
48	2	34	black
9	7	4	black
0	36	45	black
17	4	30	black
24	33	3	black
9	8	52	black
24	26	4	black
30	15	57	black
21	4	20	black
1	36	25	black
14	13	8	black
27	36	26	black
21	27	12	black
37	12	2	black
39	38	20	black
0	37	7	black
12	33	7	black
10	34	30	black
54	52	0	black
62	9	65	black
36	0	25	black
62	2	27	black
6	32	35	black
23	7	16	black
28	31	2	black
19	33	35	black
12	3	9	black
16	0	5	black
34	38	63	black
22	22	38	black
24	5	6	black
17	6	8	black
34	6	32	black
56	45	35	black
33	19	33	black
17	26	44	black
22	12	16	black
32	26	15	black
25	14	6	black
3	30	23	black
16	1	21	black
18	9	13	black
28	24	21	black
15	1	33	black
31	15	8	black
32	43	48	black
31	17	57	black
160	224	37	black
10	27	24	black
59	41	6	black
33	34	36	black
15	18	18	black
18	19	12	black
90	77	52	black
13	29	31	black
13	20	0	black
44	66	69	black
16	1	5	black
2	44	32	black
9	24	9	black
2	14	39	black
58	42	17	black
14	9	33	black
48	28	30	black
43	31	40	black
1	9	18	black
5	35	10	black
8	8	25	black
0	15	12	black
8	15	12	black
27	43	14	black
18	31	23	black
33	39	22	black
16	43	33	black
23	48	63	black
2	4	42	black
22	2	18	black
7	14	13	black
5	20	5	black
0	48	28	black
58	34	62	black
1	5	32	black
24	23	51	black
4	37	18	black
26	15	27	black
57	40	4	black
32	66	18	black
21	72	59	black
9	22	16	black
68	76	50	black
52	11	43	black
40	42	24	black
10	3	2	black
11	13	40	black
16	3	42	black
2	13	15	black
46	32	35	black
21	57	18	black
10	15	12	black
38	60	49	black
16	6	29	black
18	13	37	black
0	35	10	black
55	4	56	black
26	22	8	black
48	54	49	black
19	36	24	black
36	27	21	black
33	28	2	black
31	44	30	black
26	39	47	black
11	41	4	black
8	48	16	black
42	26	41	black
85	18	7	black
5	39	8	black
36	31	20	black
119	62	60	black
30	55	43	black
122	14	66	black
15	29	20	black
9	31	38	black
43	24	31	black
50	37	20	black
21	24	27	black
30	14	36	black
28	32	28	black
23	14	3	black
20	26	25	black
49	17	66	black
26	39	11	black
36	27	37	black
16	20	15	black
4	37	35	black
19	17	43	black
44	12	15	black
6	37	18	black
22	47	64	black
59	21	3	black
70	12	38	black
52	8	31	black
47	37	59	black
45	38	42	black
57	26	31	black
22	15	35	black
52	32	28	black
53	58	53	black
30	54	45	black
49	8	42	black
32	37	24	black
11	31	40	black
22	35	38	black
36	53	10	black
15	31	13	black
56	16	15	black
27	11	9	black
35	18	15	black
27	35	3	black
7	7	17	black
25	34	30	black
13	20	30	black
34	35	17	black
48	26	3	black
148	24	58	black
43	47	19	black
30	18	32	black
23	27	34	black
34	41	9	black
16	44	20	black
18	6	43	black
1	60	66	black
35	13	6	black
26	25	3	black
40	69	67	black
61	27	1	black
14	3	28	black
27	8	22	black
8	22	17	black
72	63	25	black
72	0	17	black
51	70	70	black
34	14	59	black
16	6	6	black
74	45	110	black
3	20	32	black
40	18	21	black
47	32	39	black
41	7	34	black
26	31	16	black
14	3	0	black
0	43	14	black
58	19	34	black
7	18	11	black
24	26	28	black
27	0	11	black
97	15	64	black
27	34	12	black
3	12	21	black
39	3	1	black
52	50	65	black
24	18	6	black
33	48	19	black
29	1	6	black
42	14	4	black
4	28	25	black
21	4	58	black
17	2	24	black
5	32	32	black
34	0	26	black
28	19	34	black
100	65	69	black
25	12	34	black
20	0	1	black
21	9	9	black
5	49	59	black
61	0	0	black
96	67	24	black
3	2	1	black
46	13	71	black
23	12	32	black
29	46	45	black
35	59	74	black
29	9	4	black
41	31	49	black
49	53	24	black
41	10	11	black
51	50	49	black
14	10	35	black
22	69	3	black
53	25	45	black
44	51	42	black
67	9	11	black
9	2	19	black
82	72	101	black
19	22	27	black
73	21	54	black
35	30	28	black
16	20	31	black
23	15	2	black
0	11	21	black
29	3	1	black
19	32	5	black
35	26	32	black
6	3	1	black
19	35	26	black
17	5	18	black
51	0	11	black
11	38	24	black
52	48	45	black
34	43	23	black
53	15	23	black
9	41	41	black
36	25	28	black
4	7	4	black
17	9	10	black
28	17	39	black
4	4	2	black
29	15	23	black
12	11	13	black
57	36	58	black
4	16	28	black
58	59	16	black
24	2	24	black
32	4	16	black
4	3	36	black
43	30	22	black
48	52	2	black
41	47	48	black
12	15	7	black
29	42	25	black
19	49	42	black
13	3	8	black
25	9	11	black
45	28	29	black
20	24	16	black
42	14	2	black
21	19	50	black
34	13	7	black
43	45	53	black
10	5	14	black
58	14	33	black
32	30	20	black
31	43	57	black
35	32	27	black
25	29	72	black
1	67	6	black
11	46	38	black
39	60	71	black
50	14	17	black
66	39	51	black
53	23	8	black
58	2	52	black
32	6	37	black
42	57	49	black
57	13	39	black
1	47	13	black
1	10	6	black
10	28	36	black
8	0	20	black
33	39	26	black
40	53	62	black
28	16	37	black
14	34	15	black
17	26	4	black
49	25	14	black
42	51	57	black
9	0	27	black
11	26	12	black
20	15	17	black
9	35	35	black
12	30	31	black
36	2	12	black
28	38	54	black
1	6	36	black
22	18	35	black
0	33	3	black
26	33	9	black
24	4	8	black
15	18	33	black
21	22	25	black
1	3	33	black
26	29	47	black
33	11	23	black
18	18	26	black
16	30	55	black
44	2	16	black
8	39	23	black
21	30	39	black
30	36	45	black
2	16	44	black
15	20	35	black
21	37	8	black
147	31	57	black
66	60	47	black
14	3	30	black
26	16	27	black
15	22	10	black
35	34	22	black
34	35	29	black
47	45	8	black
16	15	25	black
36	32	14	black
55	13	30	black
42	5	27	black
38	42	38	black
44	20	6	black
39	42	8	black
36	29	52	black
53	46	18	black
5	22	31	black
25	20	21	black
45	26	11	black
58	37	48	black
10	41	36	black
27	8	15	black
33	38	32	black
37	20	3	black
31	19	3	black
102	43	218	black
39	17	33	black
23	31	26	black
19	25	10	black
10	8	47	black
28	9	15	black
28	35	30	black
42	39	11	black
34	35	58	black
5	24	26	black
55	30	38	black
65	54	9	black
30	20	72	black
13	20	29	black
27	26	23	black
9	20	21	black
21	1	30	black
6	40	53	black
16	2	1	black
50	33	26	black
32	16	12	black
24	42	15	black
49	42	54	black
12	4	18	black
4	10	52	black
34	22	30	black
31	36	31	black
25	14	8	black
1	20	6	black
8	4	14	black
42	5	25	black
14	14	30	black
31	11	43	black
43	41	34	black
8	21	26	black
22	18	25	black
2	24	31	black
41	2	3	black
26	18	26	black
27	37	5	black
27	43	21	black
11	25	23	black
32	12	1	black
73	53	7	black
43	27	46	black
111	60	7	black
41	38	64	black
53	58	54	black
32	28	17	black
8	41	10	black
22	16	1	black
110	96	111	black
59	60	50	black
31	3	29	black
12	23	12	black
10	10	13	black
21	20	43	black
7	28	16	black
53	82	69	black
14	12	20	black
36	36	46	black
25	53	238	black
0	20	4	black
36	26	14	black
69	29	35	black
19	3	73	black
22	14	50	black
2	24	54	black
45	4	22	black
26	0	17	black
33	13	9	black
29	16	29	black
45	1	24	black
30	36	28	black
0	6	7	black
57	32	22	black
18	21	1	black
15	21	6	black
18	26	35	black
85	36	33	black
26	8	31	black
14	24	25	black
44	41	17	black
13	44	37	black
41	12	19	black
15	14	4	black
35	47	16	black
48	47	30	black
54	12	2	black
19	25	6	black
34	23	19	black
11	20	34	black
44	0	36	black
71	45	14	black
11	44	67	black
14	4	36	black
20	11	61	black
35	42	49	black
14	4	32	black
72	45	15	black
77	62	38	black
32	21	55	black
10	27	52	black
48	35	32	black
21	11	26	black
33	2	16	black
21	20	20	black
34	38	40	black
28	1	25	black
47	4	18	black
5	20	11	black
14	7	1	black
4	13	20	black
48	31	30	black
30	8	13	black
49	48	25	black
14	45	40	black
31	34	22	black
16	18	4	black
5	41	43	black
26	17	5	black
42	0	18	black
7	18	30	black
20	20	23	black
66	21	29	black
13	26	19	black
6	25	10	black
61	46	31	black
17	9	21	black
77	48	5	black
43	53	54	black
36	70	63	black
66	30	18	black
29	1	1	black
60	31	65	black
7	15	23	black
18	1	37	black
65	30	32	black
18	3	38	black
2	36	8	black
35	1	2	black
5	13	41	black
21	4	16	black
13	15	29	black
8	14	13	black
51	5	45	black
47	37	35	black
14	16	23	black
0	2	8	black
51	42	42	black
28	51	17	black
3	21	22	black
38	19	17	black
58	36	42	black
10	0	14	black
5	42	14	black
20	7	43	black
1	37	43	black
54	6	11	black
59	57	48	black
13	8	20	black
45	4	20	black
13	28	36	black
2	18	4	black
55	31	28	black
55	31	34	black
69	33	3	black
18	35	63	black
35	11	47	black
11	10	41	black
68	67	49	black
44	42	53	black
32	46	77	black
47	6	0	black
2	5	31	black
18	56	63	black
32	5	13	black
51	6	19	black
54	6	1	black
47	28	48	black
22	9	13	black
7	37	54	black
46	7	16	black
27	43	56	black
24	23	8	black
3	16	10	black
35	34	64	black
54	133	77	black
51	17	9	black
120	222	137	black
134	25	178	black
5	59	183	black
100	188	52	black
38	6	21	black
249	55	163	black
204	27	218	black
167	90	60	black
61	207	169	black
81	161	138	black
171	156	47	black
11	10	14	black
13	1	22	black
39	19	22	black
45	25	41	black
1	15	7	black
32	17	27	black
45	18	26	black
63	31	5	black
11	22	1	black
25	0	26	black
50	35	9	black
42	44	76	black
11	32	7	black
57	32	35	black
49	26	27	black
11	24	51	black
36	25	18	black
7	25	10	black
0	0	12	black
39	18	28	black
40	41	9	black
39	20	27	black
53	18	51	black
10	15	6	black
57	37	71	black
9	15	36	black
42	9	8	black
8	46	6	black
2	7	5	black
26	19	19	black
6	10	21	black
12	26	32	black
24	10	16	black
18	25	17	black
20	23	0	black
29	35	48	black
30	22	29	black
42	28	15	black
47	30	44	black
65	70	57	black
33	10	16	black
20	29	49	black
12	4	4	black
28	9	0	black
19	1	24	black
10	38	40	black
26	2	31	black
59	54	50	black
40	44	52	black
6	25	19	black
33	37	51	black
52	3	27	black
19	40	55	black
212	209	208	gray
190	183	227	gray
156	167	146	gray
205	173	195	gray
199	189	176	gray
188	172	182	gray
117	113	97	gray
137	140	134	gray
103	130	123	gray
54	58	44	gray
156	174	135	gray
66	71	45	gray
134	140	118	gray
201	201	238	gray
106	159	161	gray
170	187	188	gray
84	89	94	gray
159	176	200	gray
174	193	198	gray
96	97	103	gray
158	168	195	gray
87	101	103	gray
101	109	136	gray
118	176	167	gray
204	209	209	gray
194	200	160	gray
58	90	92	gray
183	176	149	gray
85	125	111	gray
214	202	211	gray
174	166	184	gray
187	202	172	gray
127	141	159	gray
212	213	180	gray
212	202	174	gray
239	238	246	gray
150	145	125	gray
138	157	116	gray
193	197	179	gray
154	175	125	gray
160	159	191	gray
157	158	200	gray
195	178	170	gray
29	161	155	gray
150	172	175	gray
154	154	146	gray
75	68	58	gray
163	128	92	gray
140	118	111	gray
97	206	117	gray
21	134	104	gray
170	168	158	gray
116	122	118	gray
125	116	90	gray
57	54	67	gray
76	41	68	gray
73	63	118	gray
187	187	171	gray
203	225	200	gray
141	188	197	gray
241	240	241	gray
141	185	131	gray
205	198	174	gray
206	202	177	gray
198	196	202	gray
155	162	149	gray
77	103	81	gray
153	170	155	gray
152	177	175	gray
209	203	197	gray
129	127	92	gray
113	122	129	gray
184	200	177	gray
212	211	194	gray
136	136	67	gray
126	168	122	gray
130	127	136	gray
184	179	193	gray
168	158	169	gray
166	149	133	gray
194	213	173	gray
153	162	171	gray
218	204	188	gray
139	138	165	gray
128	124	104	gray
199	202	214	gray
152	161	123	gray
199	188	148	gray
121	150	114	gray
144	139	144	gray
21	103	96	gray
178	139	147	gray
121	120	178	gray
215	214	205	gray
12	197	176	gray
102	98	96	gray
153	150	136	gray
222	224	236	gray
209	207	196	gray
177	188	150	gray
130	112	134	gray
148	139	118	gray
170	151	163	gray
86	81	98	gray
102	86	113	gray
159	220	213	gray
91	78	76	gray
129	136	96	gray
217	205	205	gray
112	105	108	gray
142	123	146	gray
128	119	141	gray
173	158	156	gray
145	167	193	gray
190	178	155	gray
92	103	115	gray
195	185	157	gray
145	168	144	gray
144	156	166	gray
111	105	118	gray
192	182	180	gray
154	119	160	gray
58	54	63	gray
141	153	126	gray
152	162	169	gray
57	61	113	gray
68	103	105	gray
117	132	117	gray
152	135	160	gray
162	166	182	gray
153	176	156	gray
102	105	114	gray
140	163	195	gray
108	133	138	gray
129	149	136	gray
103	121	133	gray
194	205	227	gray
81	104	92	gray
154	154	174	gray
116	109	143	gray
46	75	73	gray
67	74	64	gray
97	87	86	gray
143	130	104	gray
48	40	37	gray
138	135	168	gray
112	151	133	gray
185	154	148	gray
160	165	170	gray
177	176	193	gray
50	45	18	gray
179	146	196	gray
138	136	127	gray
208	212	128	gray
61	56	47	gray
166	149	146	gray
144	139	145	gray
158	143	150	gray
93	96	74	gray
62	88	79	gray
156	155	182	gray
215	221	179	gray
189	187	158	gray
215	205	214	gray
205	207	156	gray
127	121	111	gray
104	90	118	gray
240	249	231	gray
189	188	148	gray
217	210	207	gray
170	182	174	gray
189	197	221	gray
133	139	150	gray
187	186	184	gray
123	113	90	gray
113	132	129	gray
111	117	113	gray
229	228	233	gray
221	215	232	gray
153	152	158	gray
129	141	118	gray
181	178	189	gray
177	185	173	gray
109	103	75	gray
109	93	93	gray
195	189	173	gray
165	144	170	gray
181	179	171	gray
170	176	170	gray
129	135	134	gray
225	231	214	gray
161	152	129	gray
184	151	181	gray
160	158	175	gray
96	112	134	gray
187	231	191	gray
134	149	146	gray
120	105	105	gray
148	137	135	gray
144	128	125	gray
123	128	124	gray
195	184	211	gray
154	172	169	gray
200	185	163	gray
181	161	165	gray
165	162	157	gray
143	158	157	gray
139	147	159	gray
107	98	107	gray
170	171	127	gray
164	149	113	gray
225	223	221	gray
153	155	167	gray
178	161	142	gray
154	129	100	gray
131	142	131	gray
168	159	150	gray
195	200	202	gray
144	160	142	gray
134	130	118	gray
83	62	67	gray
191	211	215	gray
209	213	219	gray
240	244	243	gray
141	161	181	gray
186	198	133	gray
155	144	117	gray
202	201	221	gray
213	196	190	gray
164	177	179	gray
104	132	109	gray
130	104	127	gray
59	66	57	gray
226	223	216	gray
192	174	160	gray
92	123	118	gray
141	116	131	gray
223	227	204	gray
136	111	116	gray
100	91	76	gray
120	113	113	gray
242	252	229	gray
215	203	232	gray
129	148	129	gray
87	120	138	gray
216	200	211	gray
110	120	102	gray
205	213	206	gray
110	109	143	gray
72	64	70	gray
159	156	158	gray
169	176	169	gray
204	188	177	gray
82	92	94	gray
162	172	187	gray
140	166	163	gray
220	227	197	gray
155	168	174	gray
96	114	136	gray
71	80	96	gray
162	157	154	gray
143	160	152	gray
113	117	166	gray
157	159	163	gray
183	178	207	gray
36	45	56	gray
174	176	163	gray
191	188	211	gray
131	89	84	gray
132	135	144	gray
145	151	140	gray
181	171	175	gray
163	153	148	gray
183	156	166	gray
75	67	78	gray
194	204	204	gray
132	139	113	gray
190	181	173	gray
105	115	98	gray
168	171	138	gray
195	200	223	gray
148	157	151	gray
110	102	136	gray
197	192	194	gray
132	116	142	gray
97	101	103	gray
205	205	209	gray
128	132	123	gray
114	132	162	gray
201	181	198	gray
81	81	74	gray
99	123	108	gray
126	143	134	gray
101	109	131	gray
125	183	163	gray
113	122	113	gray
60	136	144	gray
183	199	191	gray
126	130	122	gray
129	117	156	gray
141	144	134	gray
188	176	202	gray
193	205	206	gray
166	154	119	gray
186	181	225	gray
128	145	154	gray
110	92	92	gray
211	214	224	gray
102	94	79	gray
105	126	138	gray
172	152	182	gray
137	155	204	gray
105	126	169	gray
170	153	136	gray
214	217	225	gray
177	216	159	gray
131	92	92	gray
115	109	103	gray
180	180	200	gray
117	124	100	gray
195	190	182	gray
55	67	58	gray
134	124	127	gray
100	111	97	gray
210	215	173	gray
188	198	150	gray
164	178	169	gray
130	150	139	gray
167	162	131	gray
149	158	158	gray
199	193	171	gray
102	164	145	gray
101	92	63	gray
237	233	230	gray
148	146	146	gray
120	122	157	gray
174	165	137	gray
85	96	78	gray
178	183	210	gray
158	161	193	gray
206	204	222	gray
131	131	152	gray
183	199	142	gray
167	186	205	gray
167	148	113	gray
225	227	227	gray
52	57	44	gray
147	153	160	gray
135	131	118	gray
101	91	92	gray
208	215	167	gray
112	104	112	gray
181	163	133	gray
110	126	117	gray
175	185	209	gray
193	205	169	gray
152	133	170	gray
133	147	134	gray
145	143	160	gray
214	211	223	gray
133	155	156	gray
132	100	84	gray
232	227	224	gray
201	199	207	gray
218	219	225	gray
164	154	163	gray
180	145	123	gray
100	98	85	gray
174	199	186	gray
194	211	228	gray
207	210	195	gray
164	183	149	gray
187	175	162	gray
141	135	156	gray
71	61	53	gray
138	146	157	gray
145	147	158	gray
146	172	189	gray
0	158	119	gray
65	107	93	gray
121	230	225	gray
89	197	193	gray
172	174	187	gray
183	192	194	gray
124	129	151	gray
198	204	200	gray
139	130	100	gray
213	221	191	gray
129	194	181	gray
199	199	175	gray
151	154	138	gray
126	135	150	gray
179	177	148	gray
162	155	138	gray
144	143	144	gray
140	153	151	gray
156	141	156	gray
105	122	111	gray
129	120	137	gray
207	208	212	gray
226	227	220	gray
181	195	193	gray
81	88	103	gray
75	88	114	gray
99	91	90	gray
208	207	202	gray
196	209	216	gray
124	143	180	gray
172	159	168	gray
208	212	214	gray
126	145	132	gray
106	100	113	gray
205	200	182	gray
214	207	205	gray
182	167	169	gray
175	178	172	gray
111	115	170	gray
233	175	248	gray
46	58	74	gray
227	211	252	gray
109	123	145	gray
132	140	131	gray
149	148	172	gray
115	135	136	gray
145	154	153	gray
145	140	100	gray
228	231	233	gray
136	150	179	gray
226	219	205	gray
127	127	128	gray
83	78	79	gray
137	150	166	gray
157	171	128	gray
106	113	95	gray
133	139	129	gray
151	166	197	gray
174	169	161	gray
189	197	164	gray
128	122	119	gray
229	214	197	gray
199	216	200	gray
176	188	202	gray
167	168	143	gray
163	184	179	gray
178	172	160	gray
161	172	158	gray
73	79	80	gray
99	117	85	gray
148	160	141	gray
145	142	140	gray
119	108	140	gray
93	141	134	gray
190	216	201	gray
196	199	179	gray
164	180	165	gray
200	203	157	gray
80	80	91	gray
180	165	156	gray
78	71	55	gray
134	155	134	gray
179	163	169	gray
114	108	126	gray
130	150	181	gray
166	174	183	gray
66	55	51	gray
99	89	100	gray
59	73	39	gray
157	171	131	gray
164	171	170	gray
156	139	124	gray
159	166	161	gray
82	72	94	gray
148	163	101	gray
121	145	167	gray
168	177	146	gray
123	121	114	gray
98	124	93	gray
137	136	120	gray
157	159	155	gray
126	133	225	gray
151	157	145	gray
15	26	21	gray
104	103	103	gray
139	157	171	gray
75	76	74	gray
82	101	113	gray
100	115	121	gray
129	144	154	gray
161	165	170	gray
81	82	94	gray
108	113	122	gray
111	107	78	gray
112	112	96	gray
211	198	181	gray
137	142	130	gray
116	120	110	gray
100	98	110	gray
112	118	77	gray
83	77	107	gray
166	160	143	gray
115	168	149	gray
159	207	157	gray
156	233	195	gray
72	89	61	gray
169	156	133	gray
181	241	211	gray
148	133	117	gray
106	103	113	gray
152	151	165	gray
182	176	182	gray
124	101	124	gray
131	121	107	gray
114	125	102	gray
90	105	90	gray
114	132	149	gray
107	240	202	gray
116	129	139	gray
181	183	201	gray
63	76	68	gray
183	178	182	gray
199	199	224	gray
235	232	218	gray
215	208	201	gray
189	178	198	gray
103	106	133	gray
125	146	145	gray
165	159	148	gray
168	172	166	gray
143	167	180	gray
96	84	93	gray
99	141	129	gray
92	89	72	gray
94	99	115	gray
154	165	174	gray
99	116	112	gray
135	152	102	gray
75	95	95	gray
152	166	148	gray
197	191	163	gray
123	125	132	gray
166	156	163	gray
153	142	136	gray
193	185	173	gray
173	193	209	gray
164	174	152	gray
196	201	210	gray
164	190	161	gray
235	231	240	gray
103	90	77	gray
180	171	167	gray
183	198	238	gray
214	203	232	gray
120	102	115	gray
152	140	160	gray
59	60	56	gray
86	93	115	gray
193	187	188	gray
175	158	178	gray
147	149	125	gray
153	168	139	gray
188	217	192	gray
187	212	201	gray
204	230	207	gray
109	113	96	gray
174	168	166	gray
56	63	74	gray
164	180	214	gray
74	74	72	gray
4	44	73	gray
172	173	143	gray
191	190	167	gray
120	135	132	gray
133	184	179	gray
198	216	212	gray
208	190	253	gray
193	173	152	gray
144	138	148	gray
166	186	177	gray
149	226	197	gray
99	100	58	gray
133	172	160	gray
3	207	188	gray
178	200	200	gray
201	203	197	gray
135	120	126	gray
144	170	170	gray
108	124	100	gray
129	132	146	gray
58	76	95	gray
113	117	126	gray
144	151	129	gray
130	166	168	gray
160	163	154	gray
132	139	140	gray
146	167	178	gray
194	210	193	gray
99	104	106	gray
239	240	236	gray
123	124	80	gray
206	220	196	gray
141	134	104	gray
100	88	94	gray
167	167	113	gray
85	77	86	gray
140	150	167	gray
161	166	127	gray
121	113	94	gray
194	200	151	gray
142	158	157	gray
162	145	160	gray
137	151	119	gray
140	141	114	gray
180	174	178	gray
209	229	203	gray
181	172	136	gray
185	190	210	gray
229	209	255	gray
212	212	200	gray
125	127	126	gray
169	158	139	gray
197	201	228	gray
193	175	184	gray
175	172	186	gray
141	135	106	gray
205	194	169	gray
99	88	88	gray
196	196	195	gray
106	118	94	gray
151	135	141	gray
201	210	191	gray
76	83	96	gray
181	192	187	gray
207	198	197	gray
103	105	114	gray
154	155	166	gray
162	151	177	gray
104	135	137	gray
193	200	176	gray
171	145	131	gray
125	126	131	gray
172	175	177	gray
224	212	201	gray
208	197	186	gray
208	207	198	gray
129	135	111	gray
225	223	193	gray
207	198	171	gray
179	172	164	gray
108	68	75	gray
185	162	133	gray
155	172	139	gray
145	154	181	gray
210	204	219	gray
96	88	97	gray
157	168	160	gray
199	189	206	gray
144	160	172	gray
174	175	173	gray
64	64	102	gray
139	150	109	gray
108	84	109	gray
52	59	58	gray
107	104	95	gray
91	100	103	gray
121	117	115	gray
60	68	66	gray
167	174	175	gray
117	138	111	gray
71	91	94	gray
128	113	92	gray
251	252	213	white
233	242	229	white
238	244	227	white
230	250	199	white
240	251	234	white
252	250	249	white
211	240	147	white
195	199	145	white
247	250	226	white
218	247	215	white
254	239	213	white
225	240	232	white
249	252	232	white
241	237	243	white
251	237	213	white
227	236	242	white
243	203	238	white
247	247	242	white
239	244	227	white
237	236	235	white
248	238	245	white
242	255	210	white
237	249	252	white
253	235	246	white
230	243	241	white
237	252	229	white
227	242	250	white
209	222	197	white
246	252	249	white
240	242	249	white
226	248	232	white
251	252	249	white
234	251	221	white
251	243	240	white
250	240	212	white
234	249	243	white
242	240	255	white
255	234	233	white
237	230	228	white
239	246	223	white
175	247	210	white
220	212	227	white
253	249	245	white
254	248	242	white
227	237	235	white
253	253	243	white
229	230	236	white
252	244	249	white
244	230	244	white
221	244	154	white
247	244	222	white
251	251	249	white
239	215	247	white
199	237	242	white
240	241	247	white
235	243	243	white
240	248	220	white
243	253	246	white
249	254	252	white
253	253	254	white
237	251	249	white
217	249	229	white
171	193	202	white
202	210	241	white
253	248	249	white
255	255	238	white
244	255	250	white
254	235	201	white
231	252	231	white
209	230	220	white
219	205	188	white
247	252	247	white
198	228	178	white
204	253	222	white
239	254	231	white
224	218	251	white
241	238	249	white
251	250	226	white
224	235	190	white
254	248	224	white
252	221	244	white
235	249	234	white
252	241	249	white
241	243	229	white
255	252	246	white
188	226	184	white
249	249	217	white
223	231	185	white
241	247	244	white
228	254	245	white
252	226	238	white
233	229	193	white
244	229	237	white
241	247	217	white
246	237	233	white
235	232	241	white
191	205	190	white
219	219	247	white
196	221	200	white
244	247	248	white
220	243	244	white
235	238	244	white
226	248	233	white
211	255	207	white
227	232	224	white
236	243	227	white
230	230	231	white
231	241	201	white
237	242	233	white
255	245	246	white
202	235	242	white
236	249	218	white
251	251	225	white
251	239	245	white
231	252	245	white
215	240	252	white
249	254	254	white
236	250	215	white
245	232	252	white
233	251	224	white
235	239	242	white
243	231	231	white
222	221	223	white
233	249	247	white
211	253	202	white
18	12	42	white
205	230	228	white
248	244	243	white
255	248	254	white
251	246	247	white
69	90	78	white
253	252	253	white
233	202	225	white
250	247	254	white
164	199	166	white
245	232	222	white
229	254	252	white
243	255	252	white
242	249	253	white
251	253	251	white
220	205	200	white
229	245	253	white
238	254	234	white
177	158	212	white
247	231	217	white
232	211	253	white
240	224	247	white
235	242	215	white
243	231	236	white
222	238	240	white
176	67	212	white
172	72	254	white
103	16	196	white
202	21	211	white
147	74	134	white
235	251	200	white
107	83	183	white
135	11	227	white
247	245	228	white
251	246	233	white
236	254	246	white
225	248	211	white
240	255	250	white
254	254	196	white
223	217	227	white
248	236	239	white
245	240	248	white
230	219	255	white
208	212	207	white
244	253	247	white
247	239	245	white
222	215	218	white
241	235	234	white
227	237	253	white
245	246	199	white
237	243	253	white
233	216	241	white
219	205	153	white
218	236	210	white
214	250	234	white
250	99	128	white
218	242	238	white
237	247	234	white
240	249	228	white
232	250	208	white
252	252	213	white
227	238	199	white
253	249	211	white
244	240	202	white
253	252	236	white
244	254	255	white
244	237	240	white
218	252	239	white
231	231	240	white
240	253	252	white
189	130	113	white
231	245	199	white
245	255	253	white
242	251	234	white
243	221	241	white
247	251	255	white
229	205	182	white
236	241	254	white
236	235	245	white
40	144	176	white
235	246	225	white
252	255	252	white
249	247	242	white
203	203	249	white
211	247	235	white
252	253	252	white
221	236	215	white
227	254	252	white
239	250	233	white
245	251	235	white
241	245	246	white
245	239	253	white
254	254	207	white
245	240	209	white
231	243	248	white
244	222	220	white
245	231	227	white
206	176	250	white
242	232	253	white
225	239	225	white
228	205	252	white
250	248	252	white
230	227	223	white
233	230	248	white
242	233	236	white
236	238	197	white
234	249	209	white
228	211	212	white
210	224	252	white
196	246	173	white
239	236	247	white
253	252	254	white
70	126	138	white
243	238	240	white
209	219	228	white
238	251	198	white
251	254	239	white
230	254	241	white
237	249	246	white
235	247	173	white
227	238	190	white
251	213	237	white
226	240	240	white
218	242	234	white
241	242	225	white
219	221	232	white
223	215	218	white
206	215	246	white
247	253	231	white
246	254	225	white
253	252	253	white
217	250	232	white
243	233	198	white
221	219	230	white
254	240	240	white
247	223	210	white
244	221	227	white
245	254	249	white
218	166	73	white
248	252	249	white
247	238	248	white
236	248	229	white
236	243	226	white
241	237	253	white
255	253	232	white
223	244	227	white
224	255	255	white
255	253	246	white
238	227	254	white
235	244	254	white
219	224	234	white
244	251	221	white
241	255	236	white
245	230	236	white
248	247	248	white
246	233	253	white
202	224	206	white
255	247	215	white
222	224	246	white
206	239	218	white
219	214	237	white
222	255	236	white
245	248	195	white
220	223	255	white
249	247	215	white
233	232	197	white
235	197	13	white
249	240	246	white
219	244	207	white
238	240	215	white
251	237	199	white
230	240	220	white
250	251	214	white
240	246	229	white
253	243	251	white
242	234	250	white
253	250	245	white
222	254	213	white
252	251	236	white
222	205	248	white
218	216	230	white
208	218	220	white
232	232	248	white
236	244	209	white
241	251	232	white
218	208	252	white
245	246	223	white
214	249	230	white
235	254	235	white
254	230	254	white
230	242	233	white
236	255	252	white
234	251	248	white
224	223	207	white
204	214	200	white
252	249	253	white
250	250	246	white
72	214	197	white
251	247	251	white
229	240	177	white
218	203	250	white
229	235	183	white
228	246	252	white
246	241	252	white
238	195	246	white
239	247	226	white
249	253	250	white
248	247	247	white
250	233	212	white
204	199	186	white
235	205	254	white
249	249	233	white
149	37	35	white
247	241	216	white
227	235	237	white
154	151	207	white
228	244	243	white
236	247	212	white
234	244	239	white
251	251	253	white
254	253	255	white
225	225	237	white
227	231	229	white
247	239	231	white
248	241	255	white
247	254	236	white
222	253	193	white
243	236	248	white
229	235	229	white
222	234	224	white
232	254	226	white
217	249	240	white
233	244	231	white
226	238	246	white
230	229	200	white
248	254	254	white
228	220	195	white
195	222	251	white
206	227	201	white
242	252	249	white
192	226	220	white
231	245	224	white
236	210	251	white
255	238	217	white
230	240	241	white
152	233	233	white
227	225	237	white
250	243	217	white
237	253	249	white
232	250	252	white
243	244	211	white
216	236	205	white
248	240	246	white
238	245	236	white
253	246	254	white
226	241	245	white
246	235	213	white
246	244	249	white
247	255	249	white
249	243	244	white
252	249	225	white
235	248	214	white
232	252	179	white
223	255	203	white
115	129	80	white
225	244	189	white
230	247	224	white
228	234	252	white
231	236	215	white
253	250	230	white
211	225	166	white
246	245	254	white
242	248	235	white
254	245	244	white
235	240	253	white
235	195	242	white
254	252	240	white
242	246	247	white
227	249	244	white
217	249	234	white
243	236	234	white
238	247	222	white
253	242	242	white
234	238	255	white
254	250	210	white
192	250	252	white
248	253	230	white
232	252	228	white
242	223	254	white
254	255	247	white
219	217	223	white
243	253	234	white
211	249	100	white
227	236	246	white
150	40	209	white
238	227	252	white
199	238	211	white
249	237	232	white
248	235	224	white
251	250	251	white
243	223	237	white
252	235	246	white
231	205	196	white
254	254	212	white
231	254	245	white
247	253	231	white
247	254	218	white
215	232	245	white
227	254	247	white
253	246	255	white
235	232	253	white
253	238	244	white
239	243	211	white
236	251	242	white
238	244	243	white
232	242	245	white
209	248	218	white
228	223	249	white
247	227	248	white
242	244	248	white
245	245	240	white
91	244	100	white
51	134	242	white
97	158	117	white
111	108	97	white
254	255	250	white
242	229	225	white
243	239	240	white
255	243	235	white
221	209	167	white
227	195	199	white
225	248	215	white
242	203	187	white
255	242	204	white
255	249	254	white
212	223	229	white
94	147	211	white
247	254	242	white
240	232	253	white
255	255	251	white
137	162	153	white
236	248	202	white
236	228	234	white
144	108	72	white
169	150	48	white
185	0	115	white
56	137	132	white
90	168	34	white
128	136	165	white
233	235	194	white
243	251	221	white
244	252	234	white
245	253	251	white
243	231	237	white
239	255	240	white
224	221	243	white
240	252	253	white
196	223	171	white
243	248	251	white
248	248	211	white
245	243	239	white
250	238	209	white
246	245	236	white
245	251	243	white
255	218	238	white
212	255	186	white
228	218	196	white
240	253	214	white
235	239	239	white
237	244	225	white
243	240	246	white
255	243	225	white
248	251	216	white
253	247	253	white
228	246	243	white
236	244	230	white
219	247	238	white
235	241	241	white
222	240	250	white
216	220	247	white
230	222	239	white
227	251	227	white
230	252	207	white
236	248	251	white
237	245	244	white
222	213	228	white
235	229	206	white
248	254	237	white
248	252	246	white
205	242	212	white
239	249	228	white
245	245	253	white
239	242	252	white
238	238	226	white
229	234	175	white
249	245	241	white
245	242	251	white
226	246	227	white
253	255	210	white
241	226	241	white
239	235	228	white
248	247	250	white
212	207	227	white
55	91	191	white
211	248	233	white
220	229	225	white
58	71	23	white
219	227	231	white
202	207	191	white
244	253	254	white
248	248	253	white
245	237	234	white
253	255	227	white
233	230	192	white
228	218	216	white
249	228	173	white
221	230	234	white
224	248	240	white
248	252	194	white
254	242	237	white
249	218	241	white
245	214	249	white
227	240	198	white
240	247	240	white
252	223	211	white
225	225	208	white
232	234	209	white
226	243	234	white
218	225	192	white
234	239	236	white
251	239	246	white
240	238	199	white
210	215	254	white
244	251	242	white
247	248	242	white
235	252	211	white
154	177	149	white
241	252	245	white
132	224	252	white
239	240	227	white
237	236	252	white
239	242	249	white
218	233	209	white
238	241	231	white
255	226	248	white
247	211	199	white
209	250	205	white
234	247	253	white
246	247	247	white
238	232	254	white
10	15	22	white
227	243	236	white
254	255	221	white
242	255	241	white
238	222	230	white
217	250	211	white
225	216	223	white
237	241	223	white
251	249	214	white
255	250	249	white
58	48	49	white
213	230	204	white
234	234	234	white
237	255	221	white
249	247	181	white
242	240	229	white
218	234	255	white
227	232	240	white
231	252	231	white
246	227	253	white
245	247	236	white
246	225	225	white
221	196	183	white
236	238	249	white
181	86	192	white
221	249	239	white
240	249	223	white
233	236	219	white
237	237	226	white
211	211	226	white
248	230	250	white
248	246	251	white
230	253	217	white
243	254	223	white
237	249	232	white
237	236	226	white
187	189	146	white
201	233	179	white
161	22	55	white
247	244	247	white
211	238	226	white
246	231	226	white
243	242	241	white
238	254	255	white
254	253	216	white
235	230	236	white
252	250	242	white
245	240	254	white
210	193	183	white
176	164	248	white
237	243	185	white
228	239	177	white
239	255	191	white
222	233	236	white
253	242	250	white
232	251	244	white
231	237	217	white
199	216	191	white
223	230	114	white
228	215	128	white
195	233	203	white
236	230	250	white
255	247	231	white
246	232	224	white
255	253	251	white
248	251	231	white
246	250	237	white
17	100	33	white
59	37	113	white
255	254	233	white
243	228	252	white
255	171	25	white
255	248	255	white
230	245	201	white
220	240	243	white
238	229	209	white
226	242	230	white
250	254	244	white
244	252	222	white
252	250	255	white
215	238	252	white
240	249	251	white
243	252	245	white
243	232	221	white
202	225	241	white
222	246	201	white
17	227	135	white
248	251	246	white
214	235	241	white
250	229	238	white
252	243	240	white
254	244	223	white
205	230	145	white
226	249	164	white
219	206	171	white
